{"cameraMode":{"drawMode":0,"name":"Shaded","section":"Shading Mode"},"sceneLighting":false,"audioPlay":false,"sceneViewState":{"showFog":true,"showMaterialUpdate":false,"showSkybox":false,"showFlares":true,"showImageEffects":true,"showParticleSystems":true,"showVisualEffectGraphs":true,"m_FxEnabled":true},"in2DMode":false,"pivot":{"x":13.960000038146973,"y":0.9724142551422119,"z":-5.380000114440918},"rotation":{"x":0.0014084635768085719,"y":0.6164283156394959,"z":0.001104941708035767,"w":-0.7874127626419067},"size":1.9575064182281495,"orthographic":false}