{"cameraMode":{"drawMode":0,"name":"Shaded","section":"Shading Mode"},"sceneLighting":false,"audioPlay":false,"sceneViewState":{"showFog":true,"showMaterialUpdate":false,"showSkybox":false,"showFlares":true,"showImageEffects":true,"showParticleSystems":true,"showVisualEffectGraphs":true,"m_FxEnabled":true},"in2DMode":false,"pivot":{"x":-11.161925315856934,"y":71.73788452148438,"z":1.7486038208007813},"rotation":{"x":0.0014084635768085719,"y":0.6164283156394959,"z":0.001104941708035767,"w":-0.7874127626419067},"size":86.74812316894531,"orthographic":false}